Название;Ссылка;Город;Дата выхода;Цена
Chevrolet Lacetti, 2008;https://www.avito.ru/krasnodar/avtomobili/chevrolet_lacetti_2008_2232391602;Краснодар;1 час назад;361 000  
Chevrolet Lacetti, 2008;https://www.avito.ru/sankt-peterburg/avtomobili/chevrolet_lacetti_2008_2195338462;Санкт-Петербург;4 часа назад;245 000  
Chevrolet Lacetti, 2007;https://www.avito.ru/mineralnye_vody/avtomobili/chevrolet_lacetti_2007_2153921309;Минеральные Воды;1 час назад;399 000  
Chevrolet Lacetti, 2012;https://www.avito.ru/grabovo/avtomobili/chevrolet_lacetti_2012_2221397814;с. Грабово;20 часов назад;255 000  
Chevrolet Lacetti, 2010;https://www.avito.ru/moskva/avtomobili/chevrolet_lacetti_2010_2189168361;Москва;1 день назад;350 000  
Chevrolet Lacetti, 2008;https://www.avito.ru/saransk/avtomobili/chevrolet_lacetti_2008_2231926446;Саранск;1 день назад;299 000  
Chevrolet Lacetti, 2011;https://www.avito.ru/tolyatti/avtomobili/chevrolet_lacetti_2011_2138035755;Тольятти;1 день назад;265 000  
Chevrolet Lacetti, 2007;https://www.avito.ru/saratov/avtomobili/chevrolet_lacetti_2007_2176014014;Саратов;2 дня назад;310 000  
Chevrolet Lacetti, 2008;https://www.avito.ru/saratov/avtomobili/chevrolet_lacetti_2008_2149866700;Саратов;2 недели назад;200 000  
Chevrolet Lacetti, 2005;https://www.avito.ru/pugachev/avtomobili/chevrolet_lacetti_2005_2150887640;Пугачёв;2 дня назад;320 000  
Chevrolet Lacetti, 2012;https://www.avito.ru/yaroslavl/avtomobili/chevrolet_lacetti_2012_2146909707;Ярославль;22 часа назад;375 000  
Chevrolet Lacetti, 2007;https://www.avito.ru/pohvistnevo/avtomobili/chevrolet_lacetti_2007_2235633023;Похвистнево;2 дня назад;250 000  
Chevrolet Lacetti, 2008;https://www.avito.ru/novospasskoe/avtomobili/chevrolet_lacetti_2008_2199426885;пос. городского типа Новоспасское;4 дня назад;290 000  
Chevrolet Lacetti, 2006;https://www.avito.ru/penza/avtomobili/chevrolet_lacetti_2006_2210103077;Пенза;2 дня назад;299 000  
Chevrolet Lacetti, 2007;https://www.avito.ru/saratov/avtomobili/chevrolet_lacetti_2007_2176014014;Саратов;2 дня назад;310 000  
Chevrolet Lacetti, 2008;https://www.avito.ru/saratov/avtomobili/chevrolet_lacetti_2008_2149866700;Саратов;2 недели назад;200 000  
Chevrolet Lacetti, 2005;https://www.avito.ru/pugachev/avtomobili/chevrolet_lacetti_2005_2150887640;Пугачёв;2 дня назад;320 000  
Chevrolet Lacetti, 2008;https://www.avito.ru/samara/avtomobili/chevrolet_lacetti_2008_2217096575;Самара;3 дня назад;437 000  
Chevrolet Lacetti, 2012;https://www.avito.ru/saratov/avtomobili/chevrolet_lacetti_2012_2225769344;Саратов;3 дня назад;435 000  
Chevrolet Lacetti, 2012;https://www.avito.ru/tolyatti/avtomobili/chevrolet_lacetti_2012_2223361776;Тольятти;3 дня назад;389 153  
Chevrolet Lacetti, 2006;https://www.avito.ru/marks/avtomobili/chevrolet_lacetti_2006_2235045336;с. Бобровка;3 дня назад;220 000  
Chevrolet Lacetti, 2006;https://www.avito.ru/samara/avtomobili/chevrolet_lacetti_2006_2180411617;Самара;1 неделю назад;260 000  
Chevrolet Lacetti, 2011;https://www.avito.ru/samara/avtomobili/chevrolet_lacetti_2011_2221081136;Самара;3 дня назад;375 000  
Chevrolet Lacetti, 2006;https://www.avito.ru/shumerlya/avtomobili/chevrolet_lacetti_2006_2172721594;Шумерля;3 недели назад;185 000  
Chevrolet Lacetti, 2010;https://www.avito.ru/ulyanovsk/avtomobili/chevrolet_lacetti_2010_2202483197;Ульяновск;1 неделю назад;360 000  
Chevrolet Lacetti, 2008;https://www.avito.ru/kuzovatovo/avtomobili/chevrolet_lacetti_2008_2223097847;рабочий пос. Кузоватово;1 неделю назад;319 000  
Chevrolet Lacetti, 2010;https://www.avito.ru/balashov/avtomobili/chevrolet_lacetti_2010_2110158896;Балашов;6 дней назад;280 000  
Chevrolet Lacetti, 2007;https://www.avito.ru/tolyatti/avtomobili/chevrolet_lacetti_2007_2207971706;Тольятти;1 неделю назад;299 990  
Chevrolet Lacetti, 2008;https://www.avito.ru/saratov/avtomobili/chevrolet_lacetti_2008_2213824021;Саратов;5 дней назад;330 000  
Chevrolet Lacetti, 2007;https://www.avito.ru/samara/avtomobili/chevrolet_lacetti_2007_2227444233;Самара;2 недели назад;260 000  
Chevrolet Lacetti, 2011;https://www.avito.ru/samara/avtomobili/chevrolet_lacetti_2011_1642974101;Самара;3 недели назад;325 000  
Chevrolet Lacetti, 2008;https://www.avito.ru/samara/avtomobili/chevrolet_lacetti_2008_2189081395;Самара;1 неделю назад;300 000  
Chevrolet Lacetti, 2008;https://www.avito.ru/buguruslan/avtomobili/chevrolet_lacetti_2008_2181559175;Бугуруслан;2 недели назад;260 000  
Chevrolet Lacetti, 2006;https://www.avito.ru/ulyanovsk/avtomobili/chevrolet_lacetti_2006_2213229695;Ульяновск;6 дней назад;270 000  
Chevrolet Lacetti, 2007;https://www.avito.ru/ust-labinsk/avtomobili/chevrolet_lacetti_2007_2182547368;Усть-Лабинск;1 день назад;325 000  
Chevrolet Lacetti, 2008;https://www.avito.ru/engels/avtomobili/chevrolet_lacetti_2008_2230316163;Энгельс;1 неделю назад;320 000  
Chevrolet Lacetti, 2008;https://www.avito.ru/saransk/avtomobili/chevrolet_lacetti_2008_2225733434;Саранск;5 дней назад;389 000  
Chevrolet Lacetti, 2005;https://www.avito.ru/saransk/avtomobili/chevrolet_lacetti_2005_1964167281;Саранск;6 дней назад;220 000  
Chevrolet Lacetti, 2010;https://www.avito.ru/saratov/avtomobili/chevrolet_lacetti_2010_2130733307;Саратов;1 неделю назад;380 000  
Chevrolet Lacetti, 2012;https://www.avito.ru/velikiy_novgorod/avtomobili/chevrolet_lacetti_2012_2224237785;Великий Новгород;2 дня назад;449 000  
Chevrolet Lacetti, 2012;https://www.avito.ru/novokuybyshevsk/avtomobili/chevrolet_lacetti_2012_2174956181;Новокуйбышевск;1 неделю назад;360 000  
Chevrolet Lacetti, 2008;https://www.avito.ru/kuznetsk/avtomobili/chevrolet_lacetti_2008_2181883301;Кузнецк;1 неделю назад;260 000  
Chevrolet Lacetti, 2012;https://www.avito.ru/ulyanovsk/avtomobili/chevrolet_lacetti_2012_2200134022;Ульяновск;3 недели назад;256 000  
Chevrolet Lacetti, 2006;https://www.avito.ru/saransk/avtomobili/chevrolet_lacetti_2006_1877665439;Саранск;3 дня назад;260 000  
Chevrolet Lacetti, 2008;https://www.avito.ru/ufa/avtomobili/chevrolet_lacetti_2008_2232326394;Уфа;5 дней назад;285 000  
Chevrolet Lacetti, 2008;https://www.avito.ru/samara/avtomobili/chevrolet_lacetti_2008_2230748109;Самара;1 неделю назад;323 000  
Chevrolet Lacetti, 2008;https://www.avito.ru/nurlat/avtomobili/chevrolet_lacetti_2008_2187696449;Нурлат;1 неделю назад;250 000  
Chevrolet Lacetti, 2009;https://www.avito.ru/samara/avtomobili/chevrolet_lacetti_2009_2174647709;Самара;2 недели назад;375 000  
Chevrolet Lacetti, 2005;https://www.avito.ru/dimitrovgrad/avtomobili/chevrolet_lacetti_2005_2221621088;Димитровград;1 неделю назад;230 000  
Chevrolet Lacetti, 2008;https://www.avito.ru/uvarovo/avtomobili/chevrolet_lacetti_2008_2202987074;Уварово;2 недели назад;280 000  
Chevrolet Lacetti, 2006;https://www.avito.ru/tolyatti/avtomobili/chevrolet_lacetti_2006_2213105430;Тольятти;6 дней назад;300 000  
Chevrolet Lacetti, 2006;https://www.avito.ru/moskva/avtomobili/chevrolet_lacetti_2006_2187093864;Москва;11 минут назад;320 500  
Chevrolet Lacetti, 2007;https://www.avito.ru/penza/avtomobili/chevrolet_lacetti_2007_2192726571;Пенза;2 недели назад;297 000  
Chevrolet Lacetti, 2008;https://www.avito.ru/saratov/avtomobili/chevrolet_lacetti_2008_2171985507;Саратов;5 дней назад;319 000  
Chevrolet Lacetti, 2012;https://www.avito.ru/saratov/avtomobili/chevrolet_lacetti_2012_2216751701;Саратов;5 дней назад;547 000  
Chevrolet Lacetti, 2007;https://www.avito.ru/saratov/avtomobili/chevrolet_lacetti_2007_1785147944;Саратов;1 неделю назад;400 000  
Chevrolet Lacetti, 2010;https://www.avito.ru/zasechnoe/avtomobili/chevrolet_lacetti_2010_2234012860;с. Засечное;1 неделю назад;494 000  
Chevrolet Lacetti, 2008;https://www.avito.ru/balashov/avtomobili/chevrolet_lacetti_2008_2045937439;Балашов;1 неделю назад;300 000  
Chevrolet Lacetti, 2008;https://www.avito.ru/samara/avtomobili/chevrolet_lacetti_2008_2187430111;Самара;1 неделю назад;250 000  
Chevrolet Lacetti, 2008;https://www.avito.ru/samara/avtomobili/chevrolet_lacetti_2008_2181850219;Самара;1 неделю назад;272 000  
Chevrolet Lacetti, 2006;https://www.avito.ru/ulyanovsk/avtomobili/chevrolet_lacetti_2006_2146660859;Ульяновск;2 недели назад;250 000  
Chevrolet Lacetti, 2007;https://www.avito.ru/tolyatti/avtomobili/chevrolet_lacetti_2007_1933300914;Тольятти;4 дня назад;120 000  
Chevrolet Lacetti, 2009;https://www.avito.ru/astrahan/avtomobili/chevrolet_lacetti_2009_2226594891;Астрахань;3 дня назад;399 990  
Chevrolet Lacetti, 2008;https://www.avito.ru/penza/avtomobili/chevrolet_lacetti_2008_2200757306;Пенза;6 дней назад;340 000  
Chevrolet Lacetti, 2011;https://www.avito.ru/samara/avtomobili/chevrolet_lacetti_2011_2198901864;Самара;2 недели назад;335 000  
Chevrolet Lacetti, 2008;https://www.avito.ru/saratov/avtomobili/chevrolet_lacetti_2008_2089963423;д. Кокурино;12 августа 08:09;288 000  
Chevrolet Lacetti, 2011;https://www.avito.ru/marks/avtomobili/chevrolet_lacetti_2011_2217590073;Маркс;2 недели назад;315 000  
Chevrolet Lacetti, 2008;https://www.avito.ru/nizhniy_novgorod/avtomobili/chevrolet_lacetti_2008_2100035487;Нижний Новгород;2 недели назад;265 000  
Chevrolet Lacetti, 2008;https://www.avito.ru/samara/avtomobili/chevrolet_lacetti_2008_2173605644;Самара;3 недели назад;270 000  
Chevrolet Lacetti, 2006;https://www.avito.ru/samara/avtomobili/chevrolet_lacetti_2006_2043661384;Самара;1 неделю назад;370 000  
Chevrolet Lacetti, 2008;https://www.avito.ru/salsk/avtomobili/chevrolet_lacetti_2008_2187559394;Сальск;5 дней назад;457 000  
Chevrolet Lacetti, 2010;https://www.avito.ru/samara/avtomobili/chevrolet_lacetti_2010_2226001455;Самара;2 недели назад;306 000  
Chevrolet Lacetti, 2010;https://www.avito.ru/moskva/avtomobili/chevrolet_lacetti_2010_2185030283;Москва;2 дня назад;358 000  
Chevrolet Lacetti, 2006;https://www.avito.ru/ulyanovsk/avtomobili/chevrolet_lacetti_2006_2027167451;Ульяновск;2 недели назад;310 000  
Chevrolet Lacetti, 2012;https://www.avito.ru/tolyatti/avtomobili/chevrolet_lacetti_2012_2192150092;Тольятти;2 недели назад;440 000  
Chevrolet Lacetti, 2008;https://www.avito.ru/ulyanovsk/avtomobili/chevrolet_lacetti_2008_2174591595;Ульяновск;2 недели назад;299 000  
Chevrolet Lacetti, 2011;https://www.avito.ru/orel/avtomobili/chevrolet_lacetti_2011_2220676884;Орёл;1 неделю назад;535 000  
Chevrolet Lacetti, 2008;https://www.avito.ru/samara/avtomobili/chevrolet_lacetti_2008_2214367902;Самара;1 неделю назад;306 900  
Chevrolet Lacetti, 2007;https://www.avito.ru/tolyatti/avtomobili/chevrolet_lacetti_2007_2209080492;Тольятти;6 дней назад;267 000  
Chevrolet Lacetti, 2010;https://www.avito.ru/saratov/avtomobili/chevrolet_lacetti_2010_2181527699;Саратов;11 августа 10:44;297 000  
Chevrolet Lacetti, 2010;https://www.avito.ru/vladimir/avtomobili/chevrolet_lacetti_2010_2235018979;Владимир;6 дней назад;397 000  
Chevrolet Lacetti, 2008;https://www.avito.ru/atkarsk/avtomobili/chevrolet_lacetti_2008_2173894054;Аткарск;2 недели назад;260 000  
Chevrolet Lacetti, 2007;https://www.avito.ru/moskovskaya_oblast_voskresenskoe/avtomobili/chevrolet_lacetti_2007_2207191555;Воскресенское;1 неделю назад;310 000  
Chevrolet Lacetti, 2009;https://www.avito.ru/ulyanovsk/avtomobili/chevrolet_lacetti_2009_2218112032;Ульяновск;2 недели назад;240 000  
Chevrolet Lacetti, 2006;https://www.avito.ru/engels/avtomobili/chevrolet_lacetti_2006_2164395205;Энгельс;3 недели назад;285 000  
Chevrolet Lacetti, 2012;https://www.avito.ru/alatyr/avtomobili/chevrolet_lacetti_2012_2220667158;Алатырь;2 недели назад;361 099  
Chevrolet Lacetti, 2008;https://www.avito.ru/novoanninskiy/avtomobili/chevrolet_lacetti_2008_2183071568;Новоаннинский;3 недели назад;300 000  
Chevrolet Lacetti, 2008;https://www.avito.ru/samara/avtomobili/chevrolet_lacetti_2008_1884199031;Самара;2 недели назад;263 900  
Chevrolet Lacetti, 2008;https://www.avito.ru/saratov/avtomobili/chevrolet_lacetti_2008_2209794271;Саратов;11 августа 16:28;349 000  
Chevrolet Lacetti, 2004;https://www.avito.ru/pugachev/avtomobili/chevrolet_lacetti_2004_2229642294;Пугачёв;3 недели назад;137 000  
Chevrolet Lacetti, 2010;https://www.avito.ru/sankt-peterburg/avtomobili/chevrolet_lacetti_2010_2184379140;Санкт-Петербург;3 недели назад;279 900  
Chevrolet Lacetti, 2005;https://www.avito.ru/sankt-peterburg/avtomobili/chevrolet_lacetti_2005_2216684646;Санкт-Петербург;1 неделю назад;229 990  
